2026/10/08 02:13:58.911, 44, 2040, 34.46, 0, 516
2026/10/08 02:13:59.918, 48, 1560, 49.89, 100, 1106
2026/10/08 02:14:00.919, 48, 1545, 72.31, 100, 1106
2026/10/08 02:14:01.919, 49, 1545, 71.83, 100, 1106
2026/10/08 02:14:02.920, 50, 1545, 71.71, 100, 1106
2026/10/08 02:14:03.920, 50, 1560, 72.03, 100, 1106
2026/10/08 02:14:04.920, 51, 1530, 72.04, 100, 1106
2026/10/08 02:14:05.921, 51, 1500, 72.17, 100, 1106
2026/10/08 02:14:06.921, 51, 1515, 72.18, 100, 1106
2026/10/08 02:14:07.921, 52, 1515, 71.65, 100, 1106
2026/10/08 02:14:08.922, 52, 1515, 71.60, 100, 1106
2026/10/08 02:14:09.922, 53, 1485, 71.81, 100, 1106
2026/10/08 02:14:10.922, 53, 1485, 72.08, 100, 1106
2026/10/08 02:14:11.922, 54, 1485, 72.07, 100, 1106
2026/10/08 02:14:12.922, 54, 1515, 72.22, 100, 1106
2026/10/08 02:14:13.923, 55, 1515, 72.31, 100, 1106
2026/10/08 02:14:14.923, 55, 1485, 71.94, 100, 1106
2026/10/08 02:14:15.923, 55, 1500, 72.17, 100, 1106
2026/10/08 02:14:16.924, 56, 1500, 71.97, 100, 1106
2026/10/08 02:14:17.924, 56, 1515, 72.24, 100, 1106
2026/10/08 02:14:18.924, 56, 1515, 72.23, 100, 1106
2026/10/08 02:14:19.925, 57, 1515, 72.18, 100, 1106
2026/10/08 02:14:20.925, 57, 1470, 71.55, 100, 1106
2026/10/08 02:14:21.925, 58, 1500, 72.22, 100, 1106
2026/10/08 02:14:22.926, 58, 1500, 72.57, 100, 1106
2026/10/08 02:14:23.926, 58, 1500, 72.24, 100, 1106
2026/10/08 02:14:24.926, 59, 1485, 72.28, 100, 1106
2026/10/08 02:14:25.926, 59, 1455, 71.49, 100, 1106
2026/10/08 02:14:26.926, 59, 1500, 72.01, 100, 1106
2026/10/08 02:14:27.927, 59, 1470, 72.14, 100, 1106
2026/10/08 02:14:28.927, 60, 1470, 71.71, 100, 1106
2026/10/08 02:14:29.927, 60, 1485, 71.97, 100, 1106
2026/10/08 02:14:30.927, 60, 1440, 71.61, 100, 1106
2026/10/08 02:14:31.928, 61, 1470, 72.25, 100, 1106
2026/10/08 02:14:32.928, 61, 1470, 71.99, 100, 1106
2026/10/08 02:14:33.928, 61, 1455, 72.14, 100, 1106
2026/10/08 02:14:34.928, 62, 1440, 71.82, 100, 1106
2026/10/08 02:14:35.929, 62, 1455, 71.95, 100, 1106
2026/10/08 02:14:36.930, 62, 1455, 72.13, 100, 1106
2026/10/08 02:14:37.930, 62, 1440, 72.06, 100, 1106
2026/10/08 02:14:38.930, 63, 1455, 71.91, 100, 1106
2026/10/08 02:14:39.930, 63, 1455, 71.77, 100, 1106
2026/10/08 02:14:40.931, 63, 1470, 71.87, 100, 1106
2026/10/08 02:14:41.931, 64, 1455, 72.35, 100, 1106
2026/10/08 02:14:42.931, 64, 1455, 71.90, 100, 1106
2026/10/08 02:14:43.931, 64, 1455, 71.80, 100, 1106
2026/10/08 02:14:44.932, 64, 1455, 71.83, 100, 1106
2026/10/08 02:14:45.932, 64, 1455, 71.94, 100, 1106
2026/10/08 02:14:46.932, 65, 1455, 71.88, 100, 1106
2026/10/08 02:14:47.932, 65, 1455, 71.90, 100, 1106
2026/10/08 02:14:48.932, 65, 1440, 71.54, 100, 1106
2026/10/08 02:14:49.933, 66, 1455, 72.52, 100, 1106
2026/10/08 02:14:50.933, 66, 1455, 72.22, 100, 1106
2026/10/08 02:14:51.933, 66, 1455, 72.00, 100, 1106
2026/10/08 02:14:52.933, 66, 1455, 72.27, 100, 1106
2026/10/08 02:14:53.934, 67, 1455, 71.89, 100, 1106
2026/10/08 02:14:54.934, 67, 1455, 71.88, 100, 1106
2026/10/08 02:14:55.934, 67, 1455, 71.82, 100, 1106
2026/10/08 02:14:56.935, 67, 1470, 71.75, 100, 1106
2026/10/08 02:14:57.935, 68, 1425, 71.94, 100, 1106
2026/10/08 02:14:58.935, 68, 1440, 71.90, 100, 1106
2026/10/08 02:14:59.935, 68, 1440, 71.69, 100, 1106
2026/10/08 02:15:00.936, 68, 1455, 71.89, 100, 1106
2026/10/08 02:15:01.936, 68, 1425, 71.91, 100, 1106
2026/10/08 02:15:03.030, 69, 1440, 71.97, 100, 1106
2026/10/08 02:15:04.053, 68, 1485, 71.94, 100, 1298
2026/10/08 02:15:05.054, 69, 1455, 71.86, 100, 1106
2026/10/08 02:15:06.054, 69, 1440, 72.11, 100, 1106
2026/10/08 02:15:07.054, 69, 1440, 72.13, 100, 1106
2026/10/08 02:15:08.054, 70, 1455, 72.03, 100, 1106
2026/10/08 02:15:09.055, 70, 1425, 72.43, 100, 1106
2026/10/08 02:15:10.055, 70, 1425, 72.03, 100, 1106
2026/10/08 02:15:11.055, 70, 1440, 72.01, 100, 1106
2026/10/08 02:15:12.055, 71, 1425, 71.73, 100, 1106
2026/10/08 02:15:13.056, 71, 1440, 71.88, 100, 1106
2026/10/08 02:15:14.056, 71, 1440, 72.09, 100, 1106
2026/10/08 02:15:15.056, 71, 1425, 71.99, 100, 1106
2026/10/08 02:15:16.056, 71, 1425, 71.99, 100, 1106
2026/10/08 02:15:17.056, 71, 1425, 72.07, 100, 1106
2026/10/08 02:15:18.057, 72, 1425, 71.90, 100, 1106
2026/10/08 02:15:19.057, 72, 1395, 72.26, 100, 1106
2026/10/08 02:15:20.057, 72, 1425, 72.47, 100, 1106
2026/10/08 02:15:21.057, 72, 1410, 72.32, 100, 1106
2026/10/08 02:15:22.058, 72, 1395, 72.19, 100, 1106
2026/10/08 02:15:23.058, 73, 1425, 72.27, 100, 1106
2026/10/08 02:15:24.058, 73, 1395, 72.13, 100, 1106
2026/10/08 02:15:25.058, 73, 1395, 72.40, 100, 1106
2026/10/08 02:15:26.059, 73, 1410, 72.26, 100, 1106
2026/10/08 02:15:27.059, 73, 1425, 72.23, 100, 1106
2026/10/08 02:15:28.060, 73, 1395, 72.37, 100, 1106
2026/10/08 02:15:29.060, 74, 1410, 72.05, 100, 1106
2026/10/08 02:15:30.060, 74, 1395, 72.01, 100, 1106
2026/10/08 02:15:31.060, 74, 1395, 72.36, 100, 1106
2026/10/08 02:15:32.060, 74, 1410, 72.01, 100, 1106
2026/10/08 02:15:33.061, 74, 1410, 72.11, 100, 1106
2026/10/08 02:15:34.061, 74, 1395, 72.23, 100, 1106
2026/10/08 02:15:35.061, 75, 1410, 71.90, 100, 1106
2026/10/08 02:15:36.061, 75, 1380, 71.68, 100, 1106
2026/10/08 02:15:37.062, 75, 1380, 72.24, 100, 1106
2026/10/08 02:15:38.062, 75, 1380, 72.40, 100, 1106
2026/10/08 02:15:39.062, 75, 1380, 72.12, 100, 1106
2026/10/08 02:15:40.062, 75, 1380, 71.97, 100, 1106
2026/10/08 02:15:41.062, 76, 1380, 71.71, 100, 1106
2026/10/08 02:15:42.063, 76, 1380, 71.86, 100, 1106
2026/10/08 02:15:43.063, 76, 1380, 71.93, 100, 1106
2026/10/08 02:15:44.064, 76, 1380, 71.95, 100, 1106
2026/10/08 02:15:45.064, 76, 1395, 72.12, 100, 1106
2026/10/08 02:15:46.064, 76, 1395, 71.93, 100, 1106
2026/10/08 02:15:47.064, 76, 1380, 72.13, 100, 1106
2026/10/08 02:15:48.065, 77, 1380, 71.76, 100, 1106
2026/10/08 02:15:49.065, 77, 1380, 72.02, 100, 1106
2026/10/08 02:15:50.065, 77, 1395, 72.06, 100, 1106
2026/10/08 02:15:51.065, 77, 1395, 71.90, 100, 1106
2026/10/08 02:15:52.066, 77, 1380, 71.98, 100, 1106
2026/10/08 02:15:53.066, 77, 1365, 71.89, 100, 1106
2026/10/08 02:15:54.066, 78, 1380, 71.97, 100, 1106
2026/10/08 02:15:55.066, 78, 1380, 71.79, 100, 1106
2026/10/08 02:15:56.067, 78, 1365, 72.09, 100, 1106
2026/10/08 02:15:57.067, 78, 1395, 71.98, 100, 1106
2026/10/08 02:15:58.067, 78, 1395, 72.25, 100, 1106
2026/10/08 02:15:59.067, 78, 1380, 72.06, 100, 1106
2026/10/08 02:16:00.068, 78, 1410, 72.45, 100, 1106
2026/10/08 02:16:01.068, 79, 1380, 72.35, 100, 1106
2026/10/08 02:16:02.069, 79, 1380, 72.07, 100, 1106
2026/10/08 02:16:03.069, 79, 1395, 72.03, 100, 1106
2026/10/08 02:16:04.069, 79, 1395, 71.75, 100, 1106
2026/10/08 02:16:05.069, 79, 1365, 72.00, 100, 1106
2026/10/08 02:16:06.069, 79, 1365, 71.86, 100, 1106
2026/10/08 02:16:07.070, 79, 1380, 71.82, 100, 1106
2026/10/08 02:16:08.070, 79, 1395, 71.77, 100, 1106
2026/10/08 02:16:09.070, 80, 1350, 72.04, 100, 1106
2026/10/08 02:16:10.070, 80, 1380, 71.98, 100, 1106
2026/10/08 02:16:11.071, 80, 1365, 72.10, 100, 1106
2026/10/08 02:16:12.071, 80, 1380, 71.79, 100, 1106
2026/10/08 02:16:13.071, 80, 1365, 72.40, 100, 1106
2026/10/08 02:16:14.071, 80, 1365, 72.23, 100, 1106
2026/10/08 02:16:15.071, 80, 1350, 72.23, 100, 1106
2026/10/08 02:16:16.072, 80, 1335, 72.04, 100, 1106
2026/10/08 02:16:17.072, 81, 1365, 71.88, 100, 1106
2026/10/08 02:16:18.073, 81, 1365, 72.02, 100, 1106
2026/10/08 02:16:19.073, 81, 1350, 72.29, 100, 1106
2026/10/08 02:16:20.073, 81, 1350, 71.95, 100, 1106
2026/10/08 02:16:21.074, 81, 1335, 72.31, 100, 1106
2026/10/08 02:16:22.074, 81, 1350, 71.81, 100, 1106
2026/10/08 02:16:23.074, 81, 1335, 71.90, 100, 1106
2026/10/08 02:16:24.074, 82, 1350, 71.84, 100, 1106
2026/10/08 02:16:25.074, 82, 1335, 72.20, 100, 1106
2026/10/08 02:16:26.075, 82, 1335, 72.20, 100, 1106
2026/10/08 02:16:27.075, 82, 1335, 71.63, 100, 1106
2026/10/08 02:16:28.075, 82, 1335, 71.93, 100, 1106
2026/10/08 02:16:29.075, 82, 1335, 72.16, 100, 1106
2026/10/08 02:16:30.076, 82, 1320, 72.07, 100, 1106
2026/10/08 02:16:31.076, 82, 1335, 71.73, 100, 1106
2026/10/08 02:16:32.076, 82, 1320, 71.99, 100, 1106
2026/10/08 02:16:33.076, 83, 1335, 71.98, 100, 1106
2026/10/08 02:16:34.076, 83, 1335, 72.18, 100, 1106
2026/10/08 02:16:35.077, 83, 1335, 71.92, 100, 1106
2026/10/08 02:16:36.077, 83, 1335, 72.06, 100, 1106
2026/10/08 02:16:37.078, 83, 1305, 71.76, 100, 1106
2026/10/08 02:16:38.078, 83, 1320, 72.10, 100, 1106
2026/10/08 02:16:39.078, 83, 1305, 71.74, 100, 1106
2026/10/08 02:16:40.078, 83, 1320, 71.98, 100, 1106
2026/10/08 02:16:41.078, 83, 1320, 72.21, 100, 1106
2026/10/08 02:16:42.079, 84, 1305, 71.95, 100, 1106
2026/10/08 02:16:43.079, 84, 1320, 72.14, 100, 1106
2026/10/08 02:16:44.079, 84, 1320, 71.85, 100, 1106
2026/10/08 02:16:45.079, 84, 1320, 71.84, 100, 1106
2026/10/08 02:16:46.080, 84, 1305, 71.67, 100, 1106
2026/10/08 02:16:47.080, 84, 1305, 72.12, 100, 1106
2026/10/08 02:16:48.080, 84, 1320, 72.18, 100, 1106
2026/10/08 02:16:49.080, 84, 1305, 72.23, 100, 1106
2026/10/08 02:16:50.081, 84, 1305, 72.18, 100, 1106
2026/10/08 02:16:51.081, 84, 1335, 71.78, 100, 1106
2026/10/08 02:16:52.081, 85, 1320, 71.87, 100, 1106
2026/10/08 02:16:53.081, 85, 1320, 71.81, 100, 1106
2026/10/08 02:16:54.082, 85, 1305, 71.67, 100, 1106
2026/10/08 02:16:55.082, 85, 1290, 71.82, 100, 1106
2026/10/08 02:16:56.082, 85, 1320, 72.04, 100, 1106
2026/10/08 02:16:57.082, 85, 1290, 72.18, 100, 1106
2026/10/08 02:16:58.083, 85, 1305, 71.75, 100, 1106
2026/10/08 02:16:59.083, 85, 1320, 72.04, 100, 1106
2026/10/08 02:17:00.083, 85, 1320, 71.88, 100, 1106
2026/10/08 02:17:01.083, 85, 1290, 71.39, 100, 1106
2026/10/08 02:17:02.083, 86, 1290, 72.07, 100, 1106
2026/10/08 02:17:03.084, 86, 1320, 72.05, 100, 1106
2026/10/08 02:17:04.084, 86, 1275, 72.30, 100, 1106
2026/10/08 02:17:05.084, 86, 1305, 71.67, 100, 1106
2026/10/08 02:17:06.084, 86, 1305, 71.78, 100, 1106
2026/10/08 02:17:07.085, 86, 1290, 71.93, 100, 1106
2026/10/08 02:17:08.085, 86, 1320, 72.21, 100, 1106
2026/10/08 02:17:09.085, 86, 1320, 72.31, 100, 1106
2026/10/08 02:17:10.085, 86, 1320, 72.15, 100, 1106
2026/10/08 02:17:11.085, 86, 1320, 72.41, 100, 1106
2026/10/08 02:17:12.086, 87, 1320, 72.42, 100, 1106
2026/10/08 02:17:13.086, 87, 1305, 72.31, 100, 1106
2026/10/08 02:17:14.086, 87, 1335, 71.90, 100, 1106
2026/10/08 02:17:15.086, 87, 1305, 72.55, 100, 1106
2026/10/08 02:17:16.086, 87, 1320, 72.07, 100, 1106
2026/10/08 02:17:17.087, 87, 1305, 72.30, 100, 1106
2026/10/08 02:17:18.087, 87, 1305, 72.27, 100, 1106
2026/10/08 02:17:19.087, 87, 1290, 71.89, 100, 1106
2026/10/08 02:17:20.087, 87, 1305, 72.02, 100, 1106
2026/10/08 02:17:21.088, 87, 1320, 71.31, 100, 1106
2026/10/08 02:17:22.088, 87, 1290, 71.84, 100, 1106
2026/10/08 02:17:23.088, 88, 1320, 71.63, 100, 1106
2026/10/08 02:17:24.088, 88, 1305, 71.85, 100, 1106
2026/10/08 02:17:25.089, 88, 1305, 72.53, 100, 1106
2026/10/08 02:17:26.089, 88, 1290, 72.05, 100, 1106
2026/10/08 02:17:27.089, 88, 1290, 71.72, 100, 1106
2026/10/08 02:17:28.089, 88, 1290, 72.32, 100, 1106
2026/10/08 02:17:29.089, 88, 1320, 72.17, 100, 1106
2026/10/08 02:17:30.090, 88, 1320, 71.72, 100, 1106
2026/10/08 02:17:31.090, 88, 1095, 71.01, 100, 1106
2026/10/08 02:17:32.090, 87, 1125, 65.30, 100, 1106
2026/10/08 02:17:33.090, 87, 1125, 65.49, 100, 1106
2026/10/08 02:17:34.091, 87, 1110, 65.29, 100, 1106
2026/10/08 02:17:35.091, 87, 1095, 65.43, 100, 1106
2026/10/08 02:17:36.091, 87, 1110, 65.48, 100, 1106
2026/10/08 02:17:37.091, 87, 1125, 65.51, 100, 1106
2026/10/08 02:17:38.092, 87, 1095, 65.44, 100, 1106
2026/10/08 02:17:39.092, 87, 1125, 65.42, 100, 1106
2026/10/08 02:17:40.093, 87, 1110, 65.26, 100, 1106
2026/10/08 02:17:41.093, 87, 1095, 65.59, 100, 1106
2026/10/08 02:17:42.093, 87, 1125, 65.50, 100, 1106
2026/10/08 02:17:43.094, 87, 1110, 65.61, 100, 1106
2026/10/08 02:17:44.094, 87, 1110, 65.57, 100, 1106
2026/10/08 02:17:45.094, 87, 1125, 65.60, 100, 1106
2026/10/08 02:17:46.094, 87, 1110, 65.69, 100, 1106
2026/10/08 02:17:47.094, 87, 1125, 65.55, 100, 1106
2026/10/08 02:17:48.095, 87, 1110, 65.60, 100, 1106
2026/10/08 02:17:49.095, 87, 1125, 65.67, 100, 1106
2026/10/08 02:17:50.095, 88, 1095, 65.43, 100, 1106
2026/10/08 02:17:51.095, 87, 1095, 65.51, 100, 1106
2026/10/08 02:17:52.096, 88, 1110, 65.72, 100, 1106
2026/10/08 02:17:53.096, 88, 1110, 65.43, 100, 1106
2026/10/08 02:17:54.096, 88, 1110, 65.55, 100, 1106
2026/10/08 02:17:55.096, 88, 1125, 65.61, 100, 1106
2026/10/08 02:17:56.097, 88, 1125, 65.46, 100, 1106
2026/10/08 02:17:57.097, 88, 1110, 65.63, 100, 1106
2026/10/08 02:17:58.097, 88, 1110, 65.53, 100, 1106
2026/10/08 02:17:59.097, 88, 1110, 65.16, 100, 1106
2026/10/08 02:18:00.098, 88, 1095, 65.18, 100, 1106
2026/10/08 02:18:01.098, 88, 1140, 65.07, 100, 1106
2026/10/08 02:18:02.098, 88, 1110, 65.37, 100, 1106
2026/10/08 02:18:03.098, 88, 1125, 65.44, 100, 1106
2026/10/08 02:18:04.098, 88, 1140, 64.97, 100, 1106
2026/10/08 02:18:05.099, 88, 1110, 65.12, 100, 1106
2026/10/08 02:18:06.099, 88, 1110, 64.76, 100, 1106
2026/10/08 02:18:07.099, 88, 1095, 65.17, 100, 1106
2026/10/08 02:18:08.099, 88, 1125, 65.30, 100, 1106
2026/10/08 02:18:09.100, 88, 1110, 64.80, 100, 1106
2026/10/08 02:18:10.100, 88, 1095, 65.49, 100, 1106
2026/10/08 02:18:11.100, 88, 1125, 64.29, 100, 1106
2026/10/08 02:18:12.100, 88, 1110, 65.31, 100, 1106
2026/10/08 02:18:13.101, 88, 1125, 64.78, 100, 1106
2026/10/08 02:18:14.101, 88, 1110, 65.16, 100, 1106
2026/10/08 02:18:15.101, 88, 1110, 64.88, 100, 1106
2026/10/08 02:18:16.101, 87, 660, 61.91, 100, 1106
2026/10/08 02:18:17.101, 87, 615, 57.91, 100, 1106
2026/10/08 02:18:18.102, 87, 630, 57.47, 100, 1106
2026/10/08 02:18:19.102, 87, 1095, 59.27, 100, 1106
2026/10/08 02:18:20.102, 88, 1095, 65.28, 100, 1106
2026/10/08 02:18:21.102, 88, 1065, 65.18, 100, 1106
2026/10/08 02:18:22.103, 88, 1080, 65.42, 100, 1106
2026/10/08 02:18:23.103, 88, 1095, 65.44, 100, 1106
2026/10/08 02:18:24.103, 88, 1095, 65.31, 100, 1106
2026/10/08 02:18:25.104, 88, 1110, 65.55, 100, 1106
2026/10/08 02:18:26.104, 87, 690, 63.99, 100, 1106
2026/10/08 02:18:27.104, 87, 630, 58.58, 100, 1106
2026/10/08 02:18:28.104, 87, 660, 58.71, 100, 1106
2026/10/08 02:18:29.105, 87, 660, 58.48, 100, 1106
2026/10/08 02:18:30.105, 87, 690, 58.46, 100, 1106
2026/10/08 02:18:31.105, 87, 660, 58.35, 100, 1106
2026/10/08 02:18:32.105, 87, 645, 58.71, 100, 1106
2026/10/08 02:18:33.106, 88, 1140, 61.81, 100, 1106
2026/10/08 02:18:34.106, 88, 1110, 66.03, 100, 1106
2026/10/08 02:18:35.106, 88, 1095, 66.07, 100, 1106
2026/10/08 02:18:36.106, 88, 1110, 66.22, 100, 1106
2026/10/08 02:18:37.106, 88, 1125, 65.88, 100, 1106
2026/10/08 02:18:38.107, 88, 690, 64.81, 100, 1106
2026/10/08 02:18:39.107, 87, 660, 59.54, 100, 1106
2026/10/08 02:18:40.107, 87, 690, 59.31, 100, 1106
2026/10/08 02:18:41.107, 87, 720, 59.08, 100, 1106
2026/10/08 02:18:42.108, 87, 765, 59.04, 100, 1106
2026/10/08 02:18:43.108, 87, 735, 58.60, 100, 1106
2026/10/08 02:18:44.108, 87, 690, 58.46, 100, 1106
2026/10/08 02:18:45.109, 87, 660, 59.09, 100, 1106
2026/10/08 02:18:46.109, 88, 1140, 62.75, 100, 1106
2026/10/08 02:18:47.109, 88, 1125, 66.13, 100, 1106
2026/10/08 02:18:48.109, 88, 1140, 66.20, 100, 1106
2026/10/08 02:18:49.110, 88, 1125, 66.32, 100, 1106
2026/10/08 02:18:50.110, 87, 645, 62.90, 100, 1106
2026/10/08 02:18:51.110, 87, 615, 58.53, 100, 1106
2026/10/08 02:18:52.110, 87, 675, 58.06, 100, 1106
2026/10/08 02:18:53.111, 87, 705, 58.10, 100, 1106
2026/10/08 02:18:54.111, 87, 645, 58.48, 100, 1106
2026/10/08 02:18:55.111, 87, 1110, 59.18, 100, 1106
2026/10/08 02:18:56.111, 88, 1110, 65.69, 100, 1106
2026/10/08 02:18:57.112, 88, 1095, 65.51, 100, 1106
2026/10/08 02:18:58.112, 88, 1110, 65.60, 100, 1106
2026/10/08 02:18:59.112, 88, 1110, 65.79, 100, 1106
2026/10/08 02:19:00.113, 88, 1200, 54.77, 85, 1106
2026/10/08 02:19:01.113, 88, 1125, 65.32, 100, 1106
2026/10/08 02:19:02.113, 87, 630, 64.13, 100, 1106
2026/10/08 02:19:03.113, 87, 615, 58.10, 100, 1106
2026/10/08 02:19:04.114, 87, 645, 58.26, 100, 1106
2026/10/08 02:19:05.114, 87, 645, 58.12, 100, 1106
2026/10/08 02:19:06.114, 87, 645, 58.05, 100, 1106
2026/10/08 02:19:07.114, 87, 660, 58.29, 100, 1106
2026/10/08 02:19:08.114, 88, 1110, 62.52, 100, 1106
2026/10/08 02:19:09.115, 88, 1110, 65.83, 100, 1106
2026/10/08 02:19:10.115, 88, 1110, 65.57, 100, 1106
2026/10/08 02:19:11.115, 88, 1095, 65.52, 100, 1106
2026/10/08 02:19:12.115, 88, 1110, 65.35, 100, 1106
2026/10/08 02:19:13.116, 87, 645, 61.76, 100, 1106
2026/10/08 02:19:14.116, 87, 660, 58.56, 100, 1106
2026/10/08 02:19:15.117, 87, 720, 58.02, 100, 1106
2026/10/08 02:19:16.117, 87, 645, 58.39, 100, 1106
2026/10/08 02:19:17.117, 87, 690, 58.06, 100, 1106
2026/10/08 02:19:18.117, 87, 705, 58.06, 100, 1106
2026/10/08 02:19:19.118, 87, 645, 58.55, 100, 1106
2026/10/08 02:19:20.118, 88, 1110, 63.04, 100, 1106
2026/10/08 02:19:21.118, 88, 1125, 65.75, 100, 1106
2026/10/08 02:19:22.118, 88, 1110, 65.61, 100, 1106
2026/10/08 02:19:23.119, 88, 1110, 65.83, 100, 1106
2026/10/08 02:19:24.119, 88, 1110, 65.53, 100, 1106
2026/10/08 02:19:25.119, 87, 705, 60.18, 100, 1106
2026/10/08 02:19:26.119, 87, 660, 58.96, 100, 1106
2026/10/08 02:19:27.120, 87, 675, 58.66, 100, 1106
2026/10/08 02:19:28.120, 87, 690, 58.76, 100, 1106
2026/10/08 02:19:29.120, 87, 690, 58.94, 100, 1106
2026/10/08 02:19:30.120, 87, 720, 58.86, 100, 1106
2026/10/08 02:19:31.121, 87, 1125, 59.47, 100, 1106
2026/10/08 02:19:32.121, 88, 1140, 65.72, 100, 1106
2026/10/08 02:19:33.121, 88, 1110, 65.84, 100, 1106
2026/10/08 02:19:34.121, 88, 1110, 66.03, 100, 1106
2026/10/08 02:19:35.122, 88, 1125, 65.93, 100, 1106
2026/10/08 02:19:36.122, 87, 690, 62.76, 100, 1106
2026/10/08 02:19:37.122, 87, 600, 57.83, 100, 1106
2026/10/08 02:19:38.122, 87, 615, 57.86, 100, 1106
2026/10/08 02:19:39.123, 87, 600, 57.53, 100, 1106
2026/10/08 02:19:40.123, 88, 1125, 59.92, 100, 1106
2026/10/08 02:19:41.123, 88, 1110, 65.42, 100, 1106
2026/10/08 02:19:42.123, 88, 1110, 65.13, 100, 1106
2026/10/08 02:19:43.124, 88, 1095, 65.39, 100, 1106
2026/10/08 02:19:44.124, 88, 1110, 65.34, 100, 1106
2026/10/08 02:19:45.124, 88, 735, 64.35, 100, 1106
2026/10/08 02:19:46.125, 87, 735, 59.38, 100, 1106
2026/10/08 02:19:47.125, 87, 735, 59.76, 100, 1106
2026/10/08 02:19:48.125, 87, 720, 59.51, 100, 1106
2026/10/08 02:19:49.125, 87, 735, 59.54, 100, 1106
2026/10/08 02:19:50.125, 87, 720, 59.46, 100, 1106
2026/10/08 02:19:51.126, 87, 735, 59.32, 100, 1106
2026/10/08 02:19:52.126, 87, 720, 59.46, 100, 1106
2026/10/08 02:19:53.126, 87, 720, 58.97, 100, 1106
2026/10/08 02:19:54.126, 87, 660, 59.27, 100, 1106
2026/10/08 02:19:55.126, 87, 765, 59.10, 100, 1106
2026/10/08 02:19:56.127, 87, 690, 59.17, 100, 1106
2026/10/08 02:19:57.127, 87, 690, 59.50, 100, 1106
2026/10/08 02:19:58.127, 87, 705, 59.47, 100, 1106
2026/10/08 02:19:59.127, 87, 690, 59.26, 100, 1106
2026/10/08 02:20:00.128, 87, 675, 59.63, 100, 1106
2026/10/08 02:20:01.128, 87, 720, 59.07, 100, 1106
2026/10/08 02:20:02.128, 88, 1125, 61.17, 100, 1106
2026/10/08 02:20:03.129, 88, 1110, 66.25, 100, 1106
2026/10/08 02:20:04.129, 88, 1140, 66.34, 100, 1106
2026/10/08 02:20:05.129, 88, 1140, 66.37, 100, 1106
2026/10/08 02:20:06.129, 87, 690, 64.84, 100, 1106
2026/10/08 02:20:07.129, 87, 690, 58.71, 100, 1106
2026/10/08 02:20:08.130, 87, 675, 58.85, 100, 1106
2026/10/08 02:20:09.130, 87, 690, 58.90, 100, 1106
2026/10/08 02:20:10.130, 87, 690, 58.87, 100, 1106
2026/10/08 02:20:11.130, 88, 1110, 61.24, 100, 1106
2026/10/08 02:20:12.130, 88, 1140, 66.19, 100, 1106
2026/10/08 02:20:13.131, 88, 1140, 66.31, 100, 1106
2026/10/08 02:20:14.131, 88, 1125, 66.05, 100, 1106
2026/10/08 02:20:15.131, 87, 645, 62.68, 100, 1106
