frame,lane,variant,arrival_s,submission_s,status,completion_s,arrival_to_completion_ms,gpu_pipeline_ms
0,0,0,0.0,4.901085048913956e-07,completed,0.009237667080014944,9.237667080014944,8.894559860229492
1,0,1,0.03333333333333333,0.033390294993296266,completed,0.042307306081056595,8.973972747723263,8.709440231323242
2,0,0,0.06666666666666667,0.06676687090657651,completed,0.07555143302306533,8.884766356398663,8.618751525878906
3,0,1,0.1,0.10014497605152428,completed,0.10946142300963402,9.461423009634013,8.596863746643066
4,0,0,0.13333333333333333,0.13345747301355004,completed,0.14223717502318323,8.903841689849894,8.602848052978516
5,0,1,0.16666666666666666,0.16672035888768733,completed,0.1755501211155206,8.88345444885394,8.603839874267578
6,0,0,0.2,0.2000011159107089,completed,0.2087741680443287,8.774168044328679,8.600768089294434
7,0,1,0.23333333333333334,0.2334044009912759,completed,0.24221103289164603,8.87769955831269,8.598079681396484
8,0,0,0.26666666666666666,0.2667261869646609,completed,0.27552968892268836,8.863022256021702,8.602592468261719
9,0,1,0.3,0.3000900929328054,completed,0.3088696850463748,8.869685046374808,8.626399993896484
10,0,0,0.3333333333333333,0.333462948910892,completed,0.34226048993878067,8.927156605447351,8.625439643859863
11,0,1,0.36666666666666664,0.3667179848998785,completed,0.37562992610037327,8.963259433706627,8.625503540039062
12,0,0,0.4,0.40009158104658127,completed,0.4088594529312104,8.859452931210377,8.595999717712402
13,0,1,0.43333333333333335,0.4334624360781163,completed,0.44226061808876693,8.927284755433584,8.615232467651367
14,0,0,0.4666666666666667,0.46677773306146264,completed,0.47552990494295955,8.863238276292872,8.615103721618652
15,0,1,0.5,0.5000327590387315,completed,0.5087848119437695,8.784811943769455,8.604512214660645
16,0,0,0.5333333333333333,0.533464073901996,completed,0.5422632459085435,8.929912575210142,8.607616424560547
17,0,1,0.5666666666666667,0.5667759811040014,completed,0.575528132962063,8.861466295396303,8.603296279907227
18,0,0,0.6,0.6000322070904076,completed,0.6088923690840602,8.892369084060213,8.590815544128418
19,0,1,0.6333333333333333,0.6334019529167563,completed,0.6422133950982243,8.880061764890979,8.605759620666504
20,0,0,0.6666666666666666,0.666777519043535,completed,0.6755281810183078,8.861514351641176,8.577664375305176
21,0,1,0.7,0.7000313249882311,completed,0.7087868780363351,8.786878036335155,8.607551574707031
22,0,0,0.7333333333333333,0.733462719945237,completed,0.7422613420058042,8.928008672470899,8.602368354797363
23,0,1,0.7666666666666666,0.7667170369531959,completed,0.7755243489518762,8.857682285209556,8.605728149414062
24,0,0,0.8,0.800034353043884,completed,0.8087846350390464,8.784635039046362,8.609696388244629
25,0,1,0.8333333333333334,0.8334626380819827,completed,0.8422598100733012,8.926476739967825,8.600992202758789
26,0,0,0.8666666666666667,0.8667179050389677,completed,0.8755281770136207,8.861510346954038,8.60086441040039
27,0,1,0.9,0.9000431010499597,completed,0.9087846239563078,8.784623956307748,8.602368354797363
28,0,0,0.9333333333333333,0.9334011368919164,completed,0.9422547079157084,8.921374582375075,8.607647895812988
29,0,1,0.9666666666666667,0.966771641978994,completed,0.9755635641049594,8.896897438292694,8.610207557678223
30,0,0,1.0,1.000017659040168,completed,1.0088457509409636,8.845750940963626,8.588224411010742
31,0,1,1.0333333333333332,1.0334602040238678,completed,1.0422503759618849,8.917042628551641,8.592960357666016
32,0,0,1.0666666666666667,1.0667053409852087,completed,1.0754667029250413,8.800036258374666,8.600447654724121
33,0,1,1.1,1.1000801268965006,completed,1.1089343780186027,8.93437801860264,8.606368064880371
34,0,0,1.1333333333333333,1.1333946229424328,completed,1.142250153934583,8.916820601249764,8.589856147766113
35,0,1,1.1666666666666667,1.1667076589073986,completed,1.175563809927553,8.897143260886198,8.592543601989746
36,0,0,1.2,1.2000146249774843,completed,1.2087291979696602,8.729197969660207,8.588479995727539
37,0,1,1.2333333333333334,1.2333993311040103,completed,1.242151842918247,8.818509584913592,8.590815544128418
38,0,0,1.2666666666666666,1.266770665999502,completed,1.2755620679818094,8.89540131514277,8.60051155090332
39,0,1,1.3,1.300017012981698,completed,1.3088397250976413,8.839725097641304,8.599967956542969
40,0,0,1.3333333333333333,1.3334618879016489,completed,1.3422465699259192,8.913236592585916,8.608415603637695
41,0,1,1.3666666666666667,1.366703704930842,completed,1.3754662370774895,8.799570410822799,8.586912155151367
42,0,0,1.4,1.4000819900538772,completed,1.4088234528899193,8.82345288991937,8.610560417175293
43,0,1,1.4333333333333333,1.433461105916649,completed,1.4422466279938817,8.913294660548354,8.614303588867188
44,0,0,1.4666666666666666,1.4667066130787134,completed,1.4754651449620724,8.79847829540581,8.597408294677734
45,0,1,1.5,1.5000828879419714,completed,1.5088791400194168,8.879140019416809,8.612992286682129
46,0,0,1.5333333333333332,1.5334589139092714,completed,1.542250115890056,8.91678255672268,8.596128463745117
47,0,1,1.5666666666666667,1.5667069610208273,completed,1.575465302914381,8.798636247714375,8.598688125610352
48,0,0,1.6,1.600083366036415,completed,1.6088796679396182,8.879667939618141,8.606464385986328
49,0,1,1.6333333333333333,1.633394483011216,completed,1.6421514549292624,8.818121595929096,8.6015043258667
50,0,0,1.6666666666666667,1.6667064689099789,completed,1.675464300904423,8.797634237756258,8.594176292419434
51,0,1,1.7,1.7000837940722704,completed,1.708881716011092,8.881716011092111,8.614239692687988
52,0,0,1.7333333333333334,1.7333928809966892,completed,1.7421516829635948,8.818349630261402,8.611743927001953
53,0,1,1.7666666666666666,1.7667722259648144,completed,1.775559158064425,8.892491397758384,8.600383758544922
54,0,0,1.8,1.8000169130973518,completed,1.8088400149717927,8.840014971792653,8.601119995117188
55,0,1,1.8333333333333333,1.8334617279469967,completed,1.842247060034424,8.913726701090807,8.605567932128906
56,0,0,1.8666666666666667,1.8667105950880796,completed,1.8754663669969887,8.799700330321958,8.605088233947754
57,0,1,1.9,1.9000837299972773,completed,1.9089353720191866,8.935372019186705,8.604288101196289
58,0,0,1.9333333333333333,1.933394175954163,completed,1.9422498180065304,8.916484673197056,8.604096412658691
59,0,1,1.9666666666666666,1.9667098328936845,completed,1.9754661249462515,8.799458279584949,8.602879524230957
60,0,0,2.0,2.0000833480153233,completed,2.008894609985873,8.894609985873103,8.606528282165527
61,0,1,2.033333333333333,2.0333937238901854,completed,2.0422485759481788,8.915242614845553,8.589183807373047
62,0,0,2.0666666666666664,2.066709500970319,completed,2.0754661629907787,8.799496324112255,8.594655990600586
63,0,1,2.1,2.1000833860598505,completed,2.1088986680842936,8.898668084293515,8.604864120483398
64,0,0,2.1333333333333333,2.133392632007599,completed,2.142249963944778,8.916630611444543,8.593600273132324
65,0,1,2.1666666666666665,2.1667073890566826,completed,2.175465041073039,8.798374406372655,8.607839584350586
66,0,0,2.2,2.2000826040748507,completed,2.2089350149035454,8.935014903545202,8.60598373413086
67,0,1,2.2333333333333334,2.2333952700719237,completed,2.2421518529299647,8.818519596631269,8.607232093811035
68,0,0,2.2666666666666666,2.266772306058556,completed,2.2755629878956825,8.896321229015847,8.60416030883789
69,0,1,2.3,2.3000178430229425,completed,2.3087343850638717,8.734385063871919,8.590720176696777
70,0,0,2.3333333333333335,2.3333933579269797,completed,2.342151300981641,8.817967648307334,8.59763240814209
71,0,1,2.3666666666666667,2.366771003929898,completed,2.375562195898965,8.895529232298305,8.606719970703125
72,0,0,2.4,2.4000205209013075,completed,2.4088924820534885,8.892482053488582,8.61683177947998
73,0,1,2.433333333333333,2.433393555926159,completed,2.4421517679002136,8.818434566880473,8.594335556030273
74,0,0,2.466666666666667,2.4667704519815743,completed,2.4755625938996673,8.895927233000478,8.597408294677734
75,0,1,2.5,2.5000183989759535,completed,2.508781960932538,8.781960932537913,8.598143577575684
76,0,0,2.533333333333333,2.5333923040889204,completed,2.542151466012001,8.818132678667823,8.593728065490723
77,0,1,2.5666666666666664,2.5667732800357044,completed,2.5755625520832837,8.895885416617233,8.607775688171387
78,0,0,2.6,2.6000183071009815,completed,2.608886817935854,8.886817935854108,8.596128463745117
79,0,1,2.6333333333333333,2.6333973018918186,completed,2.642152884043753,8.819550710419843,8.61081600189209
80,0,0,2.6666666666666665,2.666771207936108,completed,2.675562069984153,8.895403317486394,8.608799934387207
81,0,1,2.7,2.700020723976195,completed,2.708781126886606,8.781126886606039,8.613183975219727
82,0,0,2.7333333333333334,2.7333955198992044,completed,2.742248940980062,8.915607646728496,8.594016075134277
83,0,1,2.7666666666666666,2.7667062459513545,completed,2.7755632679909468,8.896601324280162,8.608991622924805
84,0,0,2.8,2.8000222030095756,completed,2.8088892539963126,8.889253996312796,8.593055725097656
85,0,1,2.8333333333333335,2.8333933278918266,completed,2.8421511601191014,8.817826785767924,8.595359802246094
86,0,0,2.8666666666666667,2.866771793924272,completed,2.8755604759790003,8.893809312333634,8.609439849853516
87,0,1,2.9,2.900019560009241,completed,2.9087791729252785,8.779172925278633,8.637503623962402
88,0,0,2.933333333333333,2.9333966460544616,completed,2.942250136984512,8.916803651179084,8.586655616760254
89,0,1,2.966666666666667,2.966703752055764,completed,2.9755604930687696,8.893826402102789,8.596159934997559
90,0,0,3.0,3.0000178879126906,completed,3.0088873100467026,8.887310046702623,8.610655784606934
91,0,1,3.033333333333333,3.033394323894754,completed,3.0422504749149084,8.917141581575194,8.606880187988281
92,0,0,3.0666666666666664,3.0667050699703395,completed,3.0754669620655477,8.800295398881275,8.59609603881836
93,0,1,3.1,3.100082586053759,completed,3.1088957069441676,8.895706944167525,8.60752010345459
94,0,0,3.1333333333333333,3.1333962120115757,completed,3.142150573898107,8.81724056477351,8.60854434967041
95,0,1,3.1666666666666665,3.16676992806606,completed,3.175563119119033,8.896452452366699,8.606368064880371
96,0,0,3.2,3.2000178440939635,completed,3.208809155970812,8.809155970811666,8.591263771057129
97,0,1,3.2333333333333334,3.2334643290378153,completed,3.2422499710228294,8.91663768949602,8.60211181640625
98,0,0,3.2666666666666666,3.266709245974198,completed,3.275467447936535,8.800781269868274,8.59017562866211
99,0,1,3.3,3.300080121960491,completed,3.308848944026977,8.848944026977001,8.613247871398926
100,0,0,3.3333333333333335,3.333460316993296,completed,3.342248358996585,8.91502566325153,8.601632118225098
101,0,1,3.3666666666666667,3.3667089839000255,completed,3.375465885968879,8.799219302212169,8.60051155090332
102,0,0,3.4,3.400083679938689,completed,3.4089049310423434,8.904931042343467,8.606975555419922
103,0,1,3.433333333333333,3.433395416010171,completed,3.442151957890019,8.818624556685695,8.611583709716797
104,0,0,3.466666666666667,3.466770251048729,completed,3.475562473060563,8.895806393896422,8.60483169555664
105,0,1,3.5,3.5000179579947144,completed,3.5088978589046746,8.89785890467465,8.603936195373535
106,0,0,3.533333333333333,3.5333933338988572,completed,3.54215087601915,8.817542685816804,8.593376159667969
107,0,1,3.5666666666666664,3.566770748933777,completed,3.575564200989902,8.89753432323559,8.59727954864502
108,0,0,3.6,3.600018345983699,completed,3.608802357921377,8.802357921376736,8.59823989868164
109,0,1,3.6333333333333333,3.6334612010978162,completed,3.6422523129731417,8.918979639808366,8.60108757019043
110,0,0,3.6666666666666665,3.666771647054702,completed,3.6755634390283376,8.89677236167108,8.604255676269531
111,0,1,3.6999999999999997,3.700022754026577,completed,3.708774945931509,8.774945931509404,8.599679946899414
112,0,0,3.7333333333333334,3.733398440061137,completed,3.7421517719049007,8.818438571567278,8.599424362182617
113,0,1,3.7666666666666666,3.76677261502482,completed,3.775621386943385,8.954720276718398,8.594335556030273
114,0,0,3.8,3.800092071061954,completed,3.808987782103941,8.987782103941022,8.615679740905762
115,0,1,3.8333333333333335,3.833462086971849,completed,3.842261149082333,8.927815748999368,8.629376411437988
116,0,0,3.8666666666666667,3.866723814047873,completed,3.8755337249021977,8.867058235531022,8.613120079040527
117,0,1,3.9,3.9000310299452394,completed,3.908804422011599,8.804422011599033,8.621952056884766
118,0,0,3.933333333333333,3.933463155059144,completed,3.942312995903194,8.979662569860825,8.610783576965332
119,0,1,3.966666666666667,3.966719072079286,completed,3.975525883026421,8.859216359754285,8.609312057495117
120,0,0,4.0,4.000032538082451,completed,4.008919689105824,8.919689105823636,8.598464012145996
121,0,1,4.033333333333333,4.033464472973719,completed,4.042261725058779,8.928391725445906,8.59932804107666
122,0,0,4.066666666666666,4.066776269115508,completed,4.075578001094982,8.911334428315598,8.60700798034668
123,0,1,4.1,4.1000311761163175,completed,4.109066654928029,9.066654928028939,8.594464302062988
124,0,0,4.133333333333333,4.133463880978525,completed,4.142263683024794,8.930349691461004,8.59705638885498
125,0,1,4.166666666666667,4.166721208021045,completed,4.175530659034848,8.86399236818125,8.597599983215332
126,0,0,4.2,4.200090542901307,completed,4.20913854194805,9.138541948050083,8.595680236816406
127,0,1,4.233333333333333,4.23346481891349,completed,4.242264551110566,8.93121777723227,8.617376327514648
128,0,0,4.266666666666667,4.266776215052232,completed,4.2755761770531535,8.909510386486907,8.594911575317383
129,0,1,4.3,4.300090990960598,completed,4.308843062957749,8.843062957748948,8.592448234558105
130,0,0,4.333333333333333,4.3334631870966405,completed,4.342209018999711,8.875685666377642,8.60591983795166
131,0,1,4.366666666666666,4.366708734072745,completed,4.375528604956344,8.861938289677518,8.622943878173828
132,0,0,4.4,4.400030229939148,completed,4.408844670979306,8.844670979305747,8.607104301452637
133,0,1,4.433333333333334,4.433405224932358,completed,4.442214696900919,8.88136356758551,8.614751815795898
134,0,0,4.466666666666667,4.466723840916529,completed,4.475528202950954,8.861536284287652,8.606592178344727
135,0,1,4.5,4.500030467985198,completed,4.508785970043391,8.78597004339099,8.619071960449219
136,0,0,4.533333333333333,4.533401783090085,completed,4.542210415005684,8.877081672350684,8.601375579833984
137,0,1,4.566666666666666,4.56671940907836,completed,4.575527180917561,8.860514250894624,8.601311683654785
138,0,0,4.6,4.600032215937972,completed,4.608844016911462,8.844016911462305,8.599200248718262
139,0,1,4.633333333333333,4.633462090976536,completed,4.642262341920286,8.929008586953557,8.607744216918945
140,0,0,4.666666666666667,4.666775617050007,completed,4.67557552899234,8.908862325673006,8.579999923706055
141,0,1,4.7,4.700089982943609,completed,4.708844884997234,8.84488499723357,8.611231803894043
142,0,0,4.733333333333333,4.733409358887002,completed,4.742210380965844,8.877047632510404,8.596320152282715
143,0,1,4.766666666666667,4.766718654893339,completed,4.775472708046436,8.806041379769702,8.611328125
144,0,0,4.8,4.800036730943248,completed,4.808799623977393,8.79962397739309,8.601183891296387
145,0,1,4.833333333333333,4.833462086971849,completed,4.8422601979691535,8.926864635820486,8.612447738647461
146,0,0,4.866666666666666,4.866717902943492,completed,4.875530105084181,8.86343841751458,8.587295532226562
147,0,1,4.9,4.900096009019762,completed,4.908955229911953,8.955229911952856,8.602975845336914
148,0,0,4.933333333333334,4.93340432504192,completed,4.942212267080322,8.878933746988338,8.607744216918945
149,0,1,4.966666666666667,4.966718241106719,completed,4.975524032954127,8.857366287459811,8.603487968444824
150,0,0,5.0,5.0000343669671565,completed,5.008846998913214,8.84699891321361,8.604991912841797
151,0,1,5.033333333333333,5.033461251994595,completed,5.042259563924745,8.92623059141151,8.623135566711426
152,0,0,5.066666666666666,5.066778839100152,completed,5.075574510032311,8.907843365644652,8.620448112487793
153,0,1,5.1,5.100089174928144,completed,5.108844697009772,8.844697009772418,8.609375953674316
154,0,0,5.133333333333333,5.133461809949949,completed,5.142213352955878,8.880019622544921,8.61513614654541
155,0,1,5.166666666666667,5.166720397071913,completed,5.175524218939245,8.857552272577784,8.605792045593262
156,0,0,5.2,5.200031612999737,completed,5.208784986054525,8.784986054524602,8.58351993560791
157,0,1,5.233333333333333,5.233406468993053,completed,5.242152300896123,8.818967562789659,8.60863971710205
158,0,0,5.266666666666667,5.26671941508539,completed,5.2754707569256425,8.804090258975883,8.608063697814941
159,0,1,5.3,5.300030841026455,completed,5.308786243898794,8.786243898794233,8.605279922485352
160,0,0,5.333333333333333,5.333403957076371,completed,5.34215216897428,8.81883564094732,8.61308765411377
161,0,1,5.366666666666666,5.3667209630366415,completed,5.375526855001226,8.860188334559815,8.604351997375488
162,0,0,5.4,5.4000364791136235,completed,5.408844020916149,8.844020916148665,8.605216026306152
163,0,1,5.433333333333334,5.433463833993301,completed,5.442256555892527,8.923222559193533,8.630559921264648
164,0,0,5.466666666666667,5.466776120010763,completed,5.475575871998444,8.909205331777414,8.60524845123291
165,0,1,5.5,5.500091396039352,completed,5.508842658950016,8.842658950015903,8.60051155090332
166,0,0,5.533333333333333,5.5334631719160825,completed,5.542211964027956,8.878630694622913,8.588640213012695
167,0,1,5.566666666666666,5.566717849113047,completed,5.5755777400918305,8.911073425164062,8.603839874267578
168,0,0,5.6,5.600030425004661,completed,5.6088909360114485,8.890936011448858,8.619168281555176
169,0,1,5.633333333333333,5.6334627598989755,completed,5.6423119709361345,8.978637602801598,8.61235237121582
170,0,0,5.666666666666667,5.6667197570204735,completed,5.675528119085357,8.86145241868963,8.623711585998535
171,0,1,5.7,5.700089802034199,completed,5.708890713984147,8.890713984146537,8.606847763061523
172,0,0,5.733333333333333,5.733405529055744,completed,5.742151950951666,8.818617618332247,8.595104217529297
173,0,1,5.766666666666667,5.766781284008175,completed,5.775536255910993,8.869589244326015,8.622943878173828
174,0,0,5.8,5.800031750928611,completed,5.808789933100343,8.789933100342928,8.603167533874512
175,0,1,5.833333333333333,5.83341389708221,completed,5.842213208088651,8.879874755318262,8.611712455749512
176,0,0,5.866666666666666,5.8667246729601175,completed,5.875572493998334,8.90582733166756,8.605567932128906
177,0,1,5.9,5.900149258086458,completed,5.908894249936566,8.894249936565402,8.615488052368164
178,0,0,5.933333333333334,5.933463013963774,completed,5.942267056088895,8.933722755561035,8.613632202148438
179,0,1,5.966666666666667,5.966673321090639,completed,5.975469043012708,8.80237634604164,8.60745620727539
180,0,0,6.0,6.0000378070399165,completed,6.0088468990288675,8.846899028867483,8.586751937866211
181,0,1,6.033333333333333,6.033463551895693,completed,6.042260173941031,8.926840607697883,8.588671684265137
182,0,0,6.066666666666666,6.066718649119139,completed,6.0754701010882854,8.803434421619016,8.614144325256348
183,0,1,6.1,6.100032574962825,completed,6.108783577103168,8.783577103168128,8.60540771484375
184,0,0,6.133333333333333,6.1334078900981694,completed,6.142153033055365,8.819699722032226,8.602272033691406
185,0,1,6.166666666666667,6.1667777160182595,completed,6.175527907907963,8.861241241295836,8.60694408416748
186,0,0,6.2,6.2000309529248625,completed,6.208784844959155,8.784844959154547,8.602751731872559
187,0,1,6.233333333333333,6.233462997945026,completed,6.242215419886634,8.882086553300361,8.597696304321289
188,0,0,6.266666666666667,6.266719334991649,completed,6.275528056081384,8.861389414717813,8.605088233947754
189,0,1,6.3,6.300033881096169,completed,6.308784303022549,8.784303022548734,8.613823890686035
190,0,0,6.333333333333333,6.333462755894288,completed,6.342261848039925,8.928514706592061,8.594367980957031
191,0,1,6.366666666666666,6.366717732977122,completed,6.3754683448933065,8.801678226640242,8.593888282775879
192,0,0,6.4,6.400031208992004,completed,6.408791291061789,8.791291061788442,8.607551574707031
193,0,1,6.433333333333334,6.433463444001973,completed,6.442213346017525,8.88001268419103,8.614144325256348
194,0,0,6.466666666666667,6.466716829920188,completed,6.4755350321065634,8.868365439896664,8.607775688171387
195,0,1,6.5,6.500030637020245,completed,6.508784489007667,8.784489007666707,8.600704193115234
196,0,0,6.533333333333333,6.533463932108134,completed,6.5422567839268595,8.923450593526283,8.599776268005371
197,0,1,6.566666666666666,6.566775758052245,completed,6.575576459988952,8.909793322285253,8.607040405273438
198,0,0,6.6,6.600090543972328,completed,6.608891576062888,8.891576062888262,8.607423782348633
199,0,1,6.633333333333333,6.633461490040645,completed,6.64231127104722,8.977937713886774,8.601823806762695
200,0,0,6.666666666666667,6.666720926063135,completed,6.675531018059701,8.864351393033765,8.602848052978516
201,0,1,6.7,6.700089741963893,completed,6.7090007530059665,9.000753005966367,8.615488052368164
202,0,0,6.733333333333333,6.733461187919602,completed,6.742261759005487,8.928425672153573,8.607263565063477
203,0,1,6.766666666666667,6.766719253966585,completed,6.7755324160680175,8.865749401350875,8.595680236816406
204,0,0,6.8,6.800094299949706,completed,6.80889395205304,8.893952053040444,8.619839668273926
205,0,1,6.833333333333333,6.833404345903546,completed,6.8422075980342925,8.874264700959422,8.600064277648926
206,0,0,6.866666666666666,6.866723811952397,completed,6.87552661402151,8.859947354843634,8.615615844726562
207,0,1,6.8999999999999995,6.9000308890827,completed,6.908783971099183,8.783971099183496,8.601471900939941
208,0,0,6.933333333333334,6.933404094073921,completed,6.942152267089114,8.818933755780023,8.616191864013672
209,0,1,6.966666666666667,6.966721300035715,completed,6.9754688129760325,8.80214630936571,8.612064361572266
210,0,0,7.0,7.000031196046621,completed,7.008786818943918,8.786818943917751,8.60582447052002
211,0,1,7.033333333333333,7.033461381914094,completed,7.042258673114702,8.92533978136889,8.595871925354004
212,0,0,7.066666666666666,7.066777287982404,completed,7.075627008918673,8.96034225200637,8.607680320739746
213,0,1,7.1,7.100037134019658,completed,7.108843636000529,8.843636000529287,8.603520393371582
214,0,0,7.133333333333333,7.133462799014524,completed,7.142210851889104,8.877518555770791,8.601856231689453
215,0,1,7.166666666666667,7.166775315999985,completed,7.175528258085251,8.861591418583892,8.608960151672363
216,0,0,7.2,7.200032842112705,completed,7.2088922939728945,8.892293972894372,8.618464469909668
217,0,1,7.233333333333333,7.233403108082712,completed,7.242153550032526,8.820216699192862,8.59552001953125
218,0,0,7.266666666666667,7.266718793893233,completed,7.275467755971476,8.801089304809828,8.611007690429688
219,0,1,7.3,7.30003064009361,completed,7.308784432942048,8.784432942047893,8.60262393951416
220,0,0,7.333333333333333,7.333461754955351,completed,7.342212938005105,8.879604671771624,8.601792335510254
221,0,1,7.366666666666666,7.3667200019117445,completed,7.375469533959404,8.802867292737382,8.615072250366211
222,0,0,7.3999999999999995,7.400029838085175,completed,7.408790091052651,8.790091052651938,8.609600067138672
223,0,1,7.433333333333334,7.4334646430797875,completed,7.4422180550172925,8.88472168395893,8.62224006652832
224,0,0,7.466666666666667,7.4667159100063145,completed,7.475468042073771,8.801375407104572,8.606816291809082
225,0,1,7.5,7.5000864861067384,completed,7.508843258023262,8.843258023262024,8.601344108581543
226,0,0,7.533333333333333,7.533463261090219,completed,7.5422596130520105,8.926279718677321,8.617631912231445
227,0,1,7.566666666666666,7.566775646992028,completed,7.575578148942441,8.911482275774318,8.598976135253906
228,0,0,7.6,7.6000895239412785,completed,7.608842686051503,8.842686051503179,8.594655990600586
229,0,1,7.633333333333333,7.633464269107208,completed,7.642259530955926,8.926197622592724,8.593600273132324
230,0,0,7.666666666666667,7.6667752750217915,completed,7.675579287111759,8.912620445092223,8.618207931518555
231,0,1,7.7,7.7000911419745535,completed,7.708843183936551,8.843183936551036,8.598784446716309
232,0,0,7.733333333333333,7.733463877113536,completed,7.742258979007602,8.925645674268345,8.604288101196289
233,0,1,7.766666666666667,7.76677802298218,completed,7.775577095104381,8.910428437714835,8.603615760803223
234,0,0,7.8,7.800090180011466,completed,7.808892141096294,8.892141096294104,8.606656074523926
235,0,1,7.833333333333333,7.833402635995299,completed,7.842213487951085,8.880154617751934,8.61843204498291
236,0,0,7.866666666666666,7.866720482008532,completed,7.875532374018803,8.865707352136987,8.60217571258545
237,0,1,7.8999999999999995,7.900088456925005,completed,7.908846060046926,8.846060046926674,8.60035228729248
238,0,0,7.933333333333334,7.93346344307065,completed,7.942212594905868,8.879261572534602,8.613120079040527
239,0,1,7.966666666666667,7.966719049960375,completed,7.975468062097207,8.801395430539927,8.604063987731934
240,0,0,8.0,8.000034645898268,completed,8.008790707914159,8.790707914158702,8.598143577575684
241,0,1,8.033333333333333,8.033460901118815,completed,8.042308701900765,8.975368567432085,8.616031646728516
242,0,0,8.066666666666666,8.066771727055311,completed,8.075561628909782,8.894962243115145,8.580639839172363
243,0,1,8.1,8.100091292988509,completed,8.108849036041647,8.849036041647551,8.582464218139648
244,0,0,8.133333333333333,8.133463088888675,completed,8.142259581014514,8.92624768118111,8.605055809020996
245,0,1,8.166666666666666,8.166775895049796,completed,8.175526827108115,8.860160441448883,8.602432250976562
246,0,0,8.2,8.200035742018372,completed,8.20878570410423,8.785704104230518,8.594143867492676
247,0,1,8.233333333333333,8.233465126948431,completed,8.242258639074862,8.925305741529499,8.602368354797363
248,0,0,8.266666666666666,8.266776392934844,completed,8.275577124906704,8.91045824003811,8.616576194763184
249,0,1,8.3,8.300094889011234,completed,8.308892250992358,8.89225099235702,8.610176086425781
250,0,0,8.333333333333334,8.333404855104163,completed,8.342153198085725,8.819864752391382,8.598943710327148
251,0,1,8.366666666666667,8.366777160903439,completed,8.375574942911044,8.908276244376623,8.598048210144043
252,0,0,8.4,8.400091737043113,completed,8.408890038961545,8.890038961544278,8.6079683303833
253,0,1,8.433333333333334,8.433459683088586,completed,8.44224795489572,8.914621562386316,8.60102367401123
254,0,0,8.466666666666667,8.4667128699366,completed,8.475464252056554,8.797585389887175,8.605567932128906
255,0,1,8.5,8.500029976014048,completed,8.508845276897773,8.845276897773147,8.611200332641602
256,0,0,8.533333333333333,8.533463110914454,completed,8.542222992982715,8.889659649382153,8.599040031433105
257,0,1,8.566666666666666,8.566719168098643,completed,8.575527949025854,8.861282359188039,8.595711708068848
258,0,0,8.6,8.60008933302015,completed,8.60889448504895,8.894485048950074,8.619808197021484
259,0,1,8.633333333333333,8.63340332894586,completed,8.642211771104485,8.878437771151937,8.606559753417969
260,0,0,8.666666666666666,8.666717544896528,completed,8.675531076965854,8.864410299187497,8.592960357666016
261,0,1,8.7,8.70003201207146,completed,8.70884398301132,8.843983011320944,8.612544059753418
262,0,0,8.733333333333333,8.733404146973044,completed,8.742211198899895,8.877865566562448,8.626943588256836
263,0,1,8.766666666666666,8.766717422986403,completed,8.775552585022524,8.88591835585828,8.607744216918945
264,0,0,8.8,8.800091529032215,completed,8.808850621106103,8.850621106102352,8.605792045593262
265,0,1,8.833333333333334,8.833462774986401,completed,8.842219366924837,8.886033591503306,8.612031936645508
266,0,0,8.866666666666667,8.866775780916214,completed,8.87557644303888,8.909776372213685,8.595168113708496
267,0,1,8.9,8.900039356900379,completed,8.908855228917673,8.855228917672875,8.603487968444824
268,0,0,8.933333333333334,8.93340298300609,completed,8.94215480494313,8.82147160979585,8.596287727355957
269,0,1,8.966666666666667,8.96678163902834,completed,8.975627529900521,8.960863233854255,8.631263732910156
270,0,0,9.0,9.00008875504136,completed,9.009264233056456,9.26423305645585,8.75107192993164
271,0,1,9.033333333333333,9.033413771074265,completed,9.042310632066801,8.977298733467975,8.621824264526367
272,0,0,9.066666666666666,9.066775606945157,completed,9.075684837065637,9.018170398970682,8.618911743164062
273,0,1,9.1,9.100034943083301,completed,9.108945714076981,8.945714076981304,8.617471694946289
274,0,0,9.133333333333333,9.133405219065025,completed,9.142313180025667,8.979846692334092,8.616064071655273
275,0,1,9.166666666666666,9.1667781251017,completed,9.175686215050519,9.019548383852438,8.614944458007812
276,0,0,9.2,9.200032620923594,completed,9.208786163944751,8.786163944751735,8.608896255493164
277,0,1,9.233333333333333,9.23346779611893,completed,9.24231008789502,8.976754561688338,8.61564826965332
278,0,0,9.266666666666666,9.266771503025666,completed,9.275562785100192,8.896118433526112,8.602944374084473
279,0,1,9.3,9.300017470028251,completed,9.30878590210341,8.78590210340846,8.602080345153809
280,0,0,9.333333333333334,9.333466704003513,completed,9.342313065892085,8.979732558751508,8.62435245513916
281,0,1,9.366666666666667,9.366776810958982,completed,9.375576101941988,8.909435275320732,8.604127883911133
282,0,0,9.4,9.400093337055296,completed,9.408845318946987,8.845318946987035,8.590399742126465
283,0,1,9.433333333333334,9.433406393043697,completed,9.4422139050439,8.880571710566443,8.599040031433105
284,0,0,9.466666666666667,9.466779249021783,completed,9.47562617994845,8.95951328178235,8.632608413696289
285,0,1,9.5,9.50009279511869,completed,9.508887596894056,8.887596894055605,8.618368148803711
286,0,0,9.533333333333333,9.533462540013716,completed,9.54225918208249,8.925848749155918,8.59216022491455
287,0,1,9.566666666666666,9.566776046063751,completed,9.575575418071821,8.908751405154902,8.602911949157715
288,0,0,9.6,9.600031373091042,completed,9.608905334025621,8.90533402562177,8.622879981994629
289,0,1,9.633333333333333,9.633407088927925,completed,9.642260910011828,8.927576678495086,8.61894416809082
290,0,0,9.666666666666666,9.666777844075114,completed,9.675628486089408,8.961819422742323,8.609375953674316
291,0,1,9.7,9.700034440960735,completed,9.70884581306018,8.845813060180063,8.608511924743652
292,0,0,9.733333333333333,9.733464025892317,completed,9.74221291905269,8.879585719357763,8.607808113098145
293,0,1,9.766666666666666,9.766725552966818,completed,9.775532165076584,8.865498409917905,8.608832359313965
294,0,0,9.8,9.800097818020731,completed,9.809003489091992,9.003489091991668,8.610943794250488
295,0,1,9.833333333333334,9.8334082250949,completed,9.842210856964812,8.877523631477757,8.602335929870605
296,0,0,9.866666666666667,9.86677723005414,completed,9.87557877204381,8.912105377142154,8.596672058105469
297,0,1,9.9,9.900036016944796,completed,9.908944708062336,8.944708062335494,8.621472358703613
298,0,0,9.933333333333334,9.933464012108743,completed,9.942364882910624,9.031549577290576,8.612288475036621
299,0,1,9.966666666666667,9.966722689103335,completed,9.975576600059867,8.90993339320012,8.596159934997559
300,0,0,10.0,10.000031074974686,completed,10.008787276921794,8.787276921793818,8.619872093200684
301,0,1,10.033333333333333,10.03340585110709,completed,10.042153543094173,8.820209760839859,8.587871551513672
302,0,0,10.066666666666666,10.06671946705319,completed,10.075527619104832,8.860952438165981,8.613151550292969
303,0,1,10.1,10.100029262946919,completed,10.108845215057954,8.845215057954547,8.60524845123291
304,0,0,10.133333333333333,10.13340430893004,completed,10.142211300088093,8.877966754759825,8.611776351928711
305,0,1,10.166666666666666,10.166777614038438,completed,10.175577295944095,8.910629277428583,8.615679740905762
306,0,0,10.2,10.20003128098324,completed,10.208847472909838,8.847472909838672,8.608223915100098
307,0,1,10.233333333333333,10.233404647093266,completed,10.242258867947385,8.92553461405221,8.606592178344727
308,0,0,10.266666666666666,10.266777301905677,completed,10.275526714976877,8.860048310211255,8.593119621276855
309,0,1,10.3,10.300032648956403,completed,10.30879119108431,8.791191084309702,8.587136268615723
310,0,0,10.333333333333334,10.333405574085191,completed,10.342152277007699,8.818943674365087,8.601152420043945
311,0,1,10.366666666666667,10.366776109905913,completed,10.375574832083657,8.908165416990244,8.60582447052002
312,0,0,10.4,10.400091456016526,completed,10.408844528952613,8.844528952613118,8.60489559173584
313,0,1,10.433333333333334,10.433403583010659,completed,10.44220854411833,8.875210784996312,8.6112642288208
314,0,0,10.466666666666667,10.466775577981025,completed,10.475528760114685,8.862093448017916,8.598560333251953
315,0,1,10.5,10.500090173911303,completed,10.508892826037481,8.892826037481427,8.608768463134766
316,0,0,10.533333333333333,10.533405039925128,completed,10.542213171953335,8.87983862000219,8.61308765411377
317,0,1,10.566666666666666,10.566717756912112,completed,10.575528057990596,8.861391323929269,8.595968246459961
318,0,0,10.6,10.600000672973692,completed,10.608803475042805,8.803475042805431,8.625568389892578
319,0,1,10.633333333333333,10.633463968057185,completed,10.642312268959358,8.978935626025475,8.615584373474121
320,0,0,10.666666666666666,10.666719285072759,completed,10.675536876078695,8.870209412028984,8.60752010345459
321,0,1,10.7,10.70009173010476,completed,10.708892802009359,8.892802009359713,8.605695724487305
322,0,0,10.733333333333333,10.733407756080851,completed,10.742214488098398,8.881154765065347,8.59545612335205
323,0,1,10.766666666666666,10.766723632114008,completed,10.775631153024733,8.964486358067347,8.627840042114258
324,0,0,10.8,10.800098298117518,completed,10.808943518903106,8.94351890310574,8.624159812927246
325,0,1,10.833333333333334,10.833463174058124,completed,10.842259186087176,8.925852753842278,8.606559753417969
326,0,0,10.866666666666667,10.866774080088362,completed,10.87553465203382,8.867985367153608,8.601663589477539
327,0,1,10.9,10.900033307028934,completed,10.90887263789773,8.872637897729518,8.6080961227417
328,0,0,10.933333333333334,10.93340683192946,completed,10.942211704095826,8.878370762491983,8.6079683303833
329,0,1,10.966666666666667,10.96677096793428,completed,10.975627619074658,8.960952407990774,8.611871719360352
330,0,0,11.0,11.000147083075717,completed,11.00901021505706,9.010215057060122,8.596320152282715
331,0,1,11.033333333333333,11.033464990090579,completed,11.042258732020855,8.925398687521735,8.619168281555176
332,0,0,11.066666666666666,11.06677859602496,completed,11.07562669692561,8.960030258943874,8.600671768188477
333,0,1,11.1,11.100088961888105,completed,11.10889107408002,8.891074080020545,8.611807823181152
334,0,0,11.133333333333333,11.133462687954307,completed,11.142309698974714,8.976365641380823,8.619359970092773
335,0,1,11.166666666666666,11.166718153981492,completed,11.175576836103573,8.910169436907367,8.59939193725586
336,0,0,11.2,11.200091029983014,completed,11.20894513092935,8.945130929351564,8.605504035949707
337,0,1,11.233333333333333,11.233404455939308,completed,11.242264526896179,8.931193562846218,8.62604808807373
338,0,0,11.266666666666666,11.266776192001998,completed,11.27557560405694,8.908937390273763,8.604191780090332
339,0,1,11.3,11.300091528100893,completed,11.308846730040386,8.846730040385609,8.596384048461914
340,0,0,11.333333333333334,11.333465744042769,completed,11.342311385087669,8.97805175433497,8.607295989990234
341,0,1,11.366666666666667,11.366723620099947,completed,11.375534312101081,8.867645434413873,8.608896255493164
342,0,0,11.4,11.400035315891728,completed,11.408846178092062,8.846178092062118,8.604767799377441
343,0,1,11.433333333333334,11.433466461021453,completed,11.442258812952787,8.925479619453114,8.608320236206055
344,0,0,11.466666666666667,11.466722958022729,completed,11.475528829963878,8.862163297211012,8.61184024810791
345,0,1,11.5,11.500094444025308,completed,11.508943265071139,8.94326507113874,8.609439849853516
346,0,0,11.533333333333333,11.53346267901361,completed,11.542259141104296,8.925807770962635,8.613759994506836
347,0,1,11.566666666666666,11.566777076106519,completed,11.575626007048413,8.959340381746728,8.608480453491211
348,0,0,11.6,11.600090912077576,completed,11.609011352062225,9.011352062225697,8.619104385375977
349,0,1,11.633333333333333,11.633405887987465,completed,11.642152579966933,8.819246633599676,8.607647895812988
350,0,0,11.666666666666666,11.666719553992152,completed,11.675629324978217,8.962658311551408,8.61689567565918
351,0,1,11.7,11.700031539890915,completed,11.708783813053742,8.783813053742762,8.615167617797852
352,0,0,11.733333333333333,11.733414476038888,completed,11.742201287997887,8.867954664554034,8.606111526489258
353,0,1,11.766666666666666,11.766704102046788,completed,11.77546393405646,8.797267389795138,8.599967956542969
354,0,0,11.8,11.800091187935323,completed,11.808937808964401,8.937808964400773,8.616031646728516
355,0,1,11.833333333333334,11.833462343085557,completed,11.842247914988548,8.914581655213638,8.599200248718262
356,0,0,11.866666666666667,11.866705579916015,completed,11.875519742025062,8.853075358395301,8.598272323608398
357,0,1,11.9,11.900016196072102,completed,11.908875748049468,8.875748049467447,8.606176376342773
358,0,0,11.933333333333334,11.9334590008948,completed,11.942249282961711,8.915949628377717,8.607551574707031
359,0,1,11.966666666666667,11.966704767895862,completed,11.975464819930494,8.798153263827047,8.592703819274902
360,0,0,12.0,12.00001873401925,completed,12.00882455590181,8.824555901810527,8.603967666625977
361,0,1,12.033333333333333,12.033394879894331,completed,12.04235828993842,9.024956605086842,8.71673583984375
362,0,0,12.066666666666666,12.066704605938867,completed,12.075564916944131,8.898250277464825,8.601216316223145
363,0,1,12.1,12.100015931995586,completed,12.108779374044389,8.779374044388888,8.59119987487793
364,0,0,12.133333333333333,12.1333932580892,completed,12.142250199103728,8.916865770395077,8.598719596862793
365,0,1,12.166666666666666,12.166704904055223,completed,12.175563255092129,8.896588425463037,8.603263854980469
366,0,0,12.2,12.200039769988507,completed,12.208844811888412,8.844811888412352,8.605567932128906
367,0,1,12.233333333333333,12.233407215913758,completed,12.24215248809196,8.819154758628045,8.603743553161621
368,0,0,12.266666666666666,12.266721362015232,completed,12.27552991406992,8.863247403255059,8.595680236816406
369,0,1,12.3,12.300034747924656,completed,12.308786110021174,8.786110021173243,8.607775688171387
370,0,0,12.333333333333334,12.333462852984667,completed,12.342263544909656,8.930211576322122,8.60262393951416
371,0,1,12.366666666666667,12.366719899931923,completed,12.375529411016032,8.86274434936496,8.60086441040039
372,0,0,12.4,12.400066496105865,completed,12.409161484101787,9.161484101786854,8.72713565826416
373,0,1,12.433333333333334,12.433405681978911,completed,12.442292361985892,8.959028652558487,8.617600440979004
374,0,0,12.466666666666667,12.466777747031301,completed,12.475628039101139,8.961372434471926,8.618271827697754
375,0,1,12.5,12.500139363110065,completed,12.508946245070547,8.946245070546865,8.613696098327637
376,0,0,12.533333333333333,12.533462418941781,completed,12.542310009943321,8.976676609988132,8.608448028564453
377,0,1,12.566666666666666,12.56671660603024,completed,12.57552819699049,8.86153032382353,8.609087944030762
378,0,0,12.6,12.600091641070321,completed,12.60900088190101,9.000881901011226,8.61564826965332
379,0,1,12.633333333333333,12.633404798107222,completed,12.642213478917256,8.880145583923138,8.622912406921387
380,0,0,12.666666666666666,12.66671773395501,completed,12.67557530500926,8.908638342594699,8.609439849853516
381,0,1,12.7,12.700090049067512,completed,12.708848292008042,8.848292008043046,8.60752010345459
382,0,0,12.733333333333333,12.733405335107818,completed,12.742259147111326,8.925813777993952,8.611647605895996
383,0,1,12.766666666666666,12.766777401091531,completed,12.775583503069356,8.916836402690365,8.603008270263672
384,0,0,12.8,12.800041418056935,completed,12.808948328020051,8.948328020050411,8.632863998413086
385,0,1,12.833333333333334,12.833409623010084,completed,12.842211405048147,8.878071714812918,8.620063781738281
386,0,0,12.866666666666667,12.866718149976805,completed,12.875542001100257,8.875334433589899,8.604031562805176
387,0,1,12.9,12.900016336003318,completed,12.908875786932185,8.875786932184937,8.598048210144043
388,0,0,12.933333333333334,12.93340444099158,completed,12.94221409293823,8.880759604895871,8.617280006408691
389,0,1,12.966666666666667,12.96671932702884,completed,12.97553534898907,8.868682322402677,8.61235237121582
390,0,0,13.0,13.00003206403926,completed,13.00878524594009,8.785245940089226,8.597472190856934
391,0,1,13.033333333333333,13.033464659005404,completed,13.042310540098697,8.977206765363732,8.602208137512207
392,0,0,13.066666666666666,13.066724125063047,completed,13.075471027987078,8.804361320411402,8.614239692687988
393,0,1,13.1,13.10003302199766,completed,13.108846752904356,8.846752904355881,8.606080055236816
394,0,0,13.133333333333333,13.13346342695877,completed,13.142210859106854,8.877525773520745,8.603903770446777
395,0,1,13.166666666666666,13.166724862996489,completed,13.175574355060235,8.907688393568591,8.607583999633789
396,0,0,13.2,13.200034700101241,completed,13.208891201065853,8.891201065853949,8.597855567932129
397,0,1,13.233333333333333,13.23340961500071,completed,13.24221204710193,8.87871376859728,8.622719764709473
398,0,0,13.266666666666666,13.266716571059078,completed,13.275532762985677,8.866096319010808,8.606080055236816
399,0,1,13.299999999999999,13.300033217994496,completed,13.30878511001356,8.785110013560526,8.608256340026855
400,0,0,13.333333333333334,13.333403022959828,completed,13.342214045114815,8.88071178148131,8.6080322265625
401,0,1,13.366666666666667,13.366716009099036,completed,13.37557638110593,8.909714439262473,8.611167907714844
402,0,0,13.4,13.400090754963458,completed,13.408890316961333,8.8903169613328,8.582079887390137
403,0,1,13.433333333333334,13.433405541116372,completed,13.442268032114953,8.934698781619232,8.602208137512207
404,0,0,13.466666666666667,13.466776377055794,completed,13.475577729055658,8.911062388991198,8.603936195373535
405,0,1,13.5,13.50009276298806,completed,13.508889144985005,8.88914498500526,8.609984397888184
406,0,0,13.533333333333333,13.53340582898818,completed,13.542213490931317,8.880157597983995,8.591936111450195
407,0,1,13.566666666666666,13.566718755057082,completed,13.575528596993536,8.861930326869327,8.602592468261719
408,0,0,13.6,13.600096451118588,completed,13.608912412077188,8.912412077188847,8.603839874267578
409,0,1,13.633333333333333,13.633463866077363,completed,13.642379827098921,9.046493765588082,8.62003231048584
410,0,0,13.666666666666666,13.666718042921275,completed,13.675527025014162,8.860358347495989,8.6046724319458
411,0,1,13.7,13.700032088905573,completed,13.708848550915718,8.84855091571879,8.599136352539062
412,0,0,13.733333333333333,13.733461933908984,completed,13.742258256068453,8.924922735120688,8.606816291809082
413,0,1,13.766666666666666,13.766724281013012,completed,13.775575482053682,8.908815387016489,8.60041618347168
414,0,0,13.799999999999999,13.800089497119188,completed,13.808944717980921,8.944717980922334,8.610048294067383
415,0,1,13.833333333333334,13.833464751951396,completed,13.8422596140299,8.926280696565314,8.619168281555176
416,0,0,13.866666666666667,13.86677817790769,completed,13.875536300940439,8.869634273771965,8.597887992858887
417,0,1,13.9,13.900036795064807,completed,13.908844747114927,8.844747114926221,8.61292839050293
418,0,0,13.933333333333334,13.933466309914365,completed,13.94231241196394,8.979078630606097,8.599935531616211
419,0,1,13.966666666666667,13.966724167112261,completed,13.975539448903874,8.872782237206778,8.59552001953125
420,0,0,14.0,14.000095833092928,completed,14.009004913037643,9.004913037642837,8.614496231079102
421,0,1,14.033333333333333,14.033462078077719,completed,14.042217561043799,8.884227710465709,8.611136436462402
422,0,0,14.066666666666666,14.066701095085591,completed,14.07612202106975,9.45535440308376,8.654687881469727
423,0,1,14.1,14.100081390934065,completed,14.108881453052163,8.88145305216348,8.630463600158691
424,0,0,14.133333333333333,14.133459316100925,completed,14.142319147009403,8.985813676069654,8.600895881652832
425,0,1,14.166666666666666,14.166732812998816,completed,14.175642323913053,8.975657246386604,8.617792129516602
426,0,0,14.2,14.200046598911285,completed,14.208845931105316,8.845931105316396,8.630687713623047
427,0,1,14.233333333333333,14.233414294896647,completed,14.242480284068733,9.14695073540095,8.745023727416992
428,0,0,14.266666666666666,14.266721091000363,completed,14.275535662891343,8.868996224677517,8.599231719970703
429,0,1,14.299999999999999,14.300147505942732,completed,14.309002577094361,9.002577094362252,8.617888450622559
430,0,0,14.333333333333334,14.333463511895388,completed,14.34225927409716,8.92594076382558,8.61292839050293
431,0,1,14.366666666666667,14.366778328083456,completed,14.375576349906623,8.909683239956223,8.616255760192871
432,0,0,14.4,14.40003461507149,completed,14.40884973690845,8.849736908450367,8.61241626739502
433,0,1,14.433333333333334,14.433403580915183,completed,14.442207422107458,8.874088774124544,8.61580753326416
434,0,0,14.466666666666667,14.466719197109342,completed,14.475470789009705,8.8041223430384,8.610719680786133
435,0,1,14.5,14.50003298302181,completed,14.508784614969045,8.784614969044924,8.594079971313477
436,0,0,14.533333333333333,14.533403568901122,completed,14.542212910018861,8.879576685528079,8.59609603881836
437,0,1,14.566666666666666,14.566718775080517,completed,14.57552662701346,8.859960346793372,8.610400199890137
438,0,0,14.6,14.600034231087193,completed,14.608784382930025,8.784382930025814,8.589471817016602
439,0,1,14.633333333333333,14.633403657004237,completed,14.642154718982056,8.821385648722924,8.624480247497559
440,0,0,14.666666666666666,14.666726632975042,completed,14.675529303960502,8.862637293836073,8.600159645080566
441,0,1,14.7,14.700034599052742,completed,14.70878528105095,8.785281050951,8.610719680786133
442,0,0,14.733333333333333,14.733404584927484,completed,14.742211116012186,8.877782678853308,8.60108757019043
443,0,1,14.766666666666666,14.766716440906748,completed,14.775526642100886,8.859975434219791,8.603839874267578
444,0,0,14.799999999999999,14.800091035896912,completed,14.809001107001677,9.001107001678221,8.616255760192871
445,0,1,14.833333333333334,14.83340289304033,completed,14.842206934001297,8.873600667962833,8.599743843078613
446,0,0,14.866666666666667,14.86671781889163,completed,14.875530410092324,8.863743425656878,8.616352081298828
447,0,1,14.9,14.900032554985955,completed,14.908845016965643,8.845016965642216,8.599200248718262
448,0,0,14.933333333333334,14.933406080119312,completed,14.942213902017102,8.880568683768075,8.6080961227417
449,0,1,14.966666666666667,14.966718987096101,completed,14.97552841808647,8.861751419802388,8.603455543518066
450,0,0,15.0,15.000039472943172,completed,15.008895833976567,8.895833976566792,8.604096412658691
451,0,1,15.033333333333333,15.033410618081689,completed,15.042210740037262,8.877406703929225,8.59984016418457
452,0,0,15.066666666666666,15.06671782489866,completed,15.075526036089286,8.859369422619778,8.586463928222656
453,0,1,15.1,15.10003925091587,completed,15.108841673005372,8.841673005372641,8.610527992248535
454,0,0,15.133333333333333,15.133461626013741,completed,15.142210338031873,8.877004698540247,8.60431957244873
455,0,1,15.166666666666666,15.166717451997101,completed,15.175527463899925,8.860797233259277,8.593184471130371
456,0,0,15.2,15.20009195804596,completed,15.209003198891878,9.003198891878839,8.61734390258789
457,0,1,15.233333333333333,15.233462913893163,completed,15.242265575099736,8.932241766403948,8.613439559936523
458,0,0,15.266666666666666,15.266776570118964,completed,15.275577591964975,8.91092529830928,8.596256256103516
459,0,1,15.299999999999999,15.30009087594226,completed,15.30885080806911,8.850808069110983,8.614015579223633
460,0,0,15.333333333333334,15.333461151923984,completed,15.342247534077615,8.91420074428062,8.60694408416748
461,0,1,15.366666666666667,15.366777257993817,completed,15.375627499073744,8.96083240707668,8.616640090942383
462,0,0,15.4,15.400064104003832,completed,15.40889014606364,8.890146063640358,8.615360260009766
463,0,1,15.433333333333334,15.433468220056966,completed,15.44231473095715,8.981397623816889,8.601823806762695
464,0,0,15.466666666666667,15.466716815950349,completed,15.47546791890636,8.80125223969408,8.592896461486816
465,0,1,15.5,15.500039462931454,completed,15.508791504893452,8.791504893451929,8.602399826049805
466,0,0,15.533333333333333,15.533405737951398,completed,15.54215338989161,8.820056558276335,8.599967956542969
467,0,1,15.566666666666666,15.566716813948005,completed,15.57552805589512,8.861389228453476,8.593088150024414
468,0,0,15.6,15.600037599913776,completed,15.608849362004548,8.849362004548667,8.60204792022705
469,0,1,15.633333333333333,15.63340248609893,completed,15.642212827922776,8.879494589443482,8.609951972961426
470,0,0,15.666666666666666,15.66671839193441,completed,15.67546941502951,8.802748362844781,8.598015785217285
471,0,1,15.7,15.700034077977762,completed,15.708791320910677,8.791320910678024,8.600831985473633
472,0,0,15.733333333333333,15.733403923921287,completed,15.74221237609163,8.879042758296762,8.60422420501709
473,0,1,15.766666666666666,15.766721530118957,completed,15.775530152022839,8.863485356172873,8.602239608764648
474,0,0,15.799999999999999,15.800033366074786,completed,15.808784148888662,8.784148888663523,8.602304458618164
475,0,1,15.833333333333334,15.833463421091437,completed,15.842311342945322,8.978009611988469,8.60649585723877
476,0,0,15.866666666666667,15.866716637974605,completed,15.87552784010768,8.861173441012227,8.598048210144043
477,0,1,15.9,15.900092483963817,completed,15.908854125998914,8.854125998913887,8.607744216918945
478,0,0,15.933333333333334,15.93346194899641,completed,15.942261260934174,8.92792760084049,8.594335556030273
479,0,1,15.966666666666667,15.966775595908985,completed,15.975578447105363,8.911780438696226,8.590911865234375
480,0,0,16.0,16.000093532027677,completed,16.008850794052705,8.850794052705169,8.602656364440918
481,0,1,16.03333333333333,16.033462876919657,completed,16.042260219110176,8.926885776844529,8.599167823791504
482,0,0,16.066666666666666,16.066775152925402,completed,16.075531986076385,8.865319409718353,8.598143577575684
483,0,1,16.1,16.10003517009318,completed,16.10878509306349,8.785093063487182,8.598912239074707
484,0,0,16.133333333333333,16.133464225102216,completed,16.142215348081663,8.882014748330391,8.603360176086426
485,0,1,16.166666666666668,16.166776611004025,completed,16.17557494295761,8.908276290942041,8.615327835083008
486,0,0,16.2,16.200035217916593,completed,16.208848289912567,8.848289912567253,8.614656448364258
487,0,1,16.233333333333334,16.2334627029486,completed,16.2422138559632,8.88052262986605,8.615072250366211
488,0,0,16.266666666666666,16.266720819985494,completed,16.27552743209526,8.860765428593709,8.604703903198242
489,0,1,16.3,16.300033926032484,completed,16.30878483899869,8.784838998689537,8.614591598510742
490,0,0,16.333333333333332,16.333463100949302,completed,16.342259102966636,8.92576963330427,8.602272033691406
491,0,1,16.366666666666667,16.366775477072224,completed,16.375527180032805,8.860513366137468,8.595168113708496
492,0,0,16.4,16.400034063961357,completed,16.408843115903437,8.843115903438559,8.61353588104248
493,0,1,16.433333333333334,16.433462088927627,completed,16.44226081110537,8.927477772036951,8.595808029174805
494,0,0,16.466666666666665,16.46671953611076,completed,16.475527168018743,8.860501352078387,8.605952262878418
495,0,1,16.5,16.500035382108763,completed,16.508843373972923,8.843373972922564,8.609631538391113
496,0,0,16.53333333333333,16.533463316969573,completed,16.542213219916448,8.879886583116559,8.600095748901367
497,0,1,16.566666666666666,16.566777653060853,completed,16.57562935492024,8.962688253571827,8.601471900939941
498,0,0,16.6,16.60009667905979,completed,16.608893560944125,8.893560944123635,8.611776351928711
499,0,1,16.633333333333333,16.633462744997814,completed,16.642262106994167,8.92877366083411,8.604576110839844
500,0,0,16.666666666666668,16.666777471080422,completed,16.67557643307373,8.909766407061426,8.623167991638184
501,0,1,16.7,16.700093277031556,completed,16.709004397969693,9.004397969693656,8.621024131774902
502,0,0,16.733333333333334,16.7334634331055,completed,16.7422642048914,8.930871558064268,8.606368064880371
503,0,1,16.766666666666666,16.76677601900883,completed,16.77557484107092,8.90817440425451,8.614368438720703
504,0,0,16.8,16.80009273509495,completed,16.80889015691355,8.890156913547997,8.618847846984863
505,0,1,16.833333333333332,16.8334622210823,completed,16.84225823311135,8.92489977801958,8.613151550292969
506,0,0,16.866666666666667,16.866775756934658,completed,16.875577298924327,8.910632257659756,8.608384132385254
507,0,1,16.9,16.900089202914387,completed,16.90888932510279,8.889325102792611,8.636735916137695
508,0,0,16.933333333333334,16.933464209083468,completed,16.942212760914117,8.879427580783528,8.600192070007324
509,0,1,16.966666666666665,16.96671837591566,completed,16.975527236936614,8.860570269948909,8.610464096069336
510,0,0,17.0,17.000091271009296,completed,17.00889458297752,8.89458297751844,8.625215530395508
511,0,1,17.03333333333333,17.0334646969568,completed,17.04226010898128,8.92677564795008,8.607935905456543
512,0,0,17.066666666666666,17.06677711289376,completed,17.075576385017484,8.909718350817997,8.611712455749512
513,0,1,17.1,17.100092329084873,completed,17.108845490962267,8.845490962265501,8.597023963928223
514,0,0,17.133333333333333,17.133465595077723,completed,17.14225894701667,8.92561368333844,8.602560043334961
515,0,1,17.166666666666668,17.166718591935933,completed,17.17547046393156,8.803797264892665,8.601856231689453
516,0,0,17.2,17.200034368084744,completed,17.208845919929445,8.8459199294455,8.617119789123535
517,0,1,17.233333333333334,17.233464203076437,completed,17.24226025491953,8.92692158619468,8.614879608154297
518,0,0,17.266666666666666,17.26677784905769,completed,17.27557323104702,8.906564380353643,8.603455543518066
519,0,1,17.3,17.300091054989025,completed,17.30889125703834,8.891257038339262,8.611455917358398
520,0,0,17.333333333333332,17.333402920980006,completed,17.342213473049924,8.880139716591628,8.596960067749023
521,0,1,17.366666666666667,17.366717617958784,completed,17.375528868986294,8.862202319626533,8.602975845336914
522,0,0,17.4,17.400091123068705,completed,17.408890824997798,8.89082499779903,8.615296363830566
523,0,1,17.433333333333334,17.43340267892927,completed,17.442212780937552,8.879447604218882,8.595040321350098
524,0,0,17.466666666666665,17.466719096060842,completed,17.47552670701407,8.860040347403952,8.600704193115234
525,0,1,17.5,17.500032821903005,completed,17.50884618307464,8.846183074638247,8.618816375732422
526,0,0,17.53333333333333,17.53346231696196,completed,17.542261278955266,8.927945621934441,8.615424156188965
527,0,1,17.566666666666666,17.566718502901495,completed,17.57557313493453,8.906468267863232,8.607135772705078
528,0,0,17.6,17.60008991905488,completed,17.60889188107103,8.891881071029673,8.605119705200195
529,0,1,17.633333333333333,17.633406314998865,completed,17.642216936917976,8.883603584642685,8.600735664367676
530,0,0,17.666666666666668,17.666716021019965,completed,17.67553567304276,8.869006376091448,8.598976135253906
531,0,1,17.7,17.700032837921754,completed,17.708844379056245,8.8443790562458,8.608832359313965
532,0,0,17.733333333333334,17.73346321308054,completed,17.74231272400357,8.979390670234011,8.616095542907715
533,0,1,17.766666666666666,17.7668224980589,completed,17.775623369961977,8.956703295311286,8.609984397888184
534,0,0,17.8,17.800082914996892,completed,17.808842316968367,8.842316968365793,8.622624397277832
535,0,1,17.833333333333332,17.83340894104913,completed,17.84221073309891,8.87739976557711,8.61075210571289
536,0,0,17.866666666666667,17.866720326943323,completed,17.87552930903621,8.862642369543039,8.606719970703125
537,0,1,17.9,17.90003031399101,completed,17.90884441509843,8.844415098430147,8.60547161102295
538,0,0,17.933333333333334,17.933405508985743,completed,17.94221194111742,8.878607784087222,8.61631965637207
539,0,1,17.966666666666665,17.96672142506577,completed,17.97557624708861,8.909580421946117,8.594176292419434
540,0,0,18.0,18.000090761110187,completed,18.00885042292066,8.850422920659184,8.603103637695312
541,0,1,18.03333333333333,18.03340316703543,completed,18.04215319897048,8.819865637150315,8.616576194763184
542,0,0,18.066666666666666,18.066719362977892,completed,18.075473505072296,8.806838405629236,8.60752010345459
543,0,1,18.1,18.100029739085585,completed,18.108783891890198,8.783891890196571,8.612128257751465
544,0,0,18.133333333333333,18.13340391498059,completed,18.1422135271132,8.880193779866374,8.617792129516602
545,0,1,18.166666666666668,18.166778651066124,completed,18.17558214208111,8.915475414443819,8.616448402404785
546,0,0,18.2,18.200035057030618,completed,18.20878194994293,8.781949942932243,8.603039741516113
547,0,1,18.233333333333334,18.233461192110553,completed,18.242312574060634,8.979240727299498,8.585023880004883
548,0,0,18.266666666666666,18.266778508899733,completed,18.27556316088885,8.89649422218497,8.600671768188477
549,0,1,18.3,18.30001910496503,completed,18.308845856925473,8.845856925471907,8.602368354797363
550,0,0,18.333333333333332,18.33346326998435,completed,18.342265902087092,8.93256875376025,8.618816375732422
551,0,1,18.366666666666667,18.36677642702125,completed,18.375527618918568,8.860952251900756,8.609151840209961
552,0,0,18.4,18.40009177289903,completed,18.40889092395082,8.890923950822582,8.59119987487793
553,0,1,18.433333333333334,18.433402199065313,completed,18.442210701061413,8.877367728079122,8.602751731872559
554,0,0,18.466666666666665,18.46672024508007,completed,18.47546794707887,8.801280412203738,8.581567764282227
555,0,1,18.5,18.500032820971683,completed,18.508843353018165,8.843353018164635,8.612095832824707
556,0,0,18.53333333333333,18.533464615931734,completed,18.54226124798879,8.927914655458835,8.615551948547363
557,0,1,18.566666666666666,18.56677774200216,completed,18.57557587395422,8.909207287555176,8.614399909973145
558,0,0,18.6,18.600089848972857,completed,18.60889071994461,8.89071994460977,8.596063613891602
559,0,1,18.633333333333333,18.633403924992308,completed,18.642213986022398,8.880652689065016,8.60051155090332
560,0,0,18.666666666666668,18.666719421045855,completed,18.67552518309094,8.858516424272267,8.61740779876709
561,0,1,18.7,18.700030996929854,completed,18.708844678942114,8.844678942114825,8.600064277648926
562,0,0,18.733333333333334,18.733464661985636,completed,18.74226338393055,8.930050597214745,8.607359886169434
563,0,1,18.766666666666666,18.766723898937926,completed,18.77552644093521,8.859774268543674,8.598560333251953
564,0,0,18.8,18.800034544896334,completed,18.808843347011134,8.843347011133318,8.610207557678223
565,0,1,18.833333333333332,18.83346437010914,completed,18.842257782118395,8.924448785062822,8.601216316223145
566,0,0,18.866666666666667,18.866717397002503,completed,18.875532298116013,8.865631449346267,8.608480453491211
567,0,1,18.9,18.900032012956217,completed,18.908842734992504,8.842734992505541,8.622431755065918
568,0,0,18.933333333333334,18.933462338056415,completed,18.942259789910167,8.926456576833885,8.609631538391113
569,0,1,18.966666666666665,18.966776754008606,completed,18.975577015895396,8.910349228731462,8.609375953674316
570,0,0,19.0,19.000031620962545,completed,19.008892281912267,8.892281912267208,8.599007606506348
571,0,1,19.03333333333333,19.03340359707363,completed,19.042266187956557,8.93285462322524,8.59990406036377
572,0,0,19.066666666666666,19.066676772898063,completed,19.075469634961337,8.802968294670421,8.607616424560547
573,0,1,19.1,19.10003357892856,completed,19.108848860953003,8.848860953001747,8.610079765319824
574,0,0,19.133333333333333,19.133405474945903,completed,19.14220684603788,8.873512704546727,8.594207763671875
575,0,1,19.166666666666668,19.16672139102593,completed,19.175527692073956,8.861025407288281,8.61308765411377
576,0,0,19.2,19.200029887026176,completed,19.208850159076974,8.850159076974506,8.606816291809082
577,0,1,19.233333333333334,19.233464152086526,completed,19.242370032938197,9.036699604862974,8.629152297973633
578,0,0,19.266666666666666,19.26671768911183,completed,19.27554154000245,8.874873335784628,8.610655784606934
579,0,1,19.3,19.30009284405969,completed,19.308892376022413,8.892376022412662,8.603967666625977
580,0,0,19.333333333333332,19.33346185996197,completed,19.342261651996523,8.928318663190993,8.601247787475586
581,0,1,19.366666666666667,19.366778505966067,completed,19.37557973805815,8.913071391482674,8.60313606262207
582,0,0,19.4,19.40009066206403,completed,19.408892364008352,8.892364008353582,8.606240272521973
583,0,1,19.433333333333334,19.43340478790924,completed,19.442152180941775,8.818847608441871,8.605088233947754
584,0,0,19.466666666666665,19.46672166395001,completed,19.47552732611075,8.860659444085428,8.599519729614258
585,0,1,19.5,19.500033440999687,completed,19.50884264195338,8.842641953378916,8.612704277038574
586,0,0,19.53333333333333,19.533463035942987,completed,19.542258047964424,8.924714631092456,8.61580753326416
587,0,1,19.566666666666666,19.566717273090035,completed,19.575526783941314,8.860117274647195,8.611871719360352
588,0,0,19.6,19.600035299081355,completed,19.6088459698949,8.845969894899497,8.608960151672363
589,0,1,19.633333333333333,19.633462304016575,completed,19.642259556101635,8.926222768302239,8.591775894165039
590,0,0,19.666666666666668,19.666779370047152,completed,19.675576831912622,8.910165245954005,8.604928016662598
591,0,1,19.7,19.700094636064023,completed,19.70889817806892,8.89817806892168,8.604351997375488
592,0,0,19.733333333333334,19.733461641939357,completed,19.742259114049375,8.925780716040776,8.594816207885742
593,0,1,19.766666666666666,19.766777737997472,completed,19.775573489954695,8.906823288029386,8.609151840209961
594,0,0,19.8,19.800030634971336,completed,19.808844526065513,8.844526065512781,8.605152130126953
595,0,1,19.833333333333332,19.833463999908417,completed,19.8422124220524,8.879088719066175,8.609184265136719
596,0,0,19.866666666666667,19.866716675926,completed,19.875528058037162,8.861391370494687,8.60268783569336
597,0,1,19.9,19.900094462092966,completed,19.90889339405112,8.893394051121106,8.607104301452637
598,0,0,19.933333333333334,19.93340478790924,completed,19.942211010027677,8.87767669434325,8.609919548034668
599,0,1,19.966666666666665,19.966721744043753,completed,19.97552715591155,8.860489244884917,8.608960151672363
